lat,lon,title,marker-color,description
43.8041334,-120.5542012,"<h4>@<a target=""_blank"" href=""https://twitter.com/or_rain"">or_rain</a></h4>",#E2A9F3,"<div class=""mr-c-wrapper""><div class=""mr-c-loc-str"">Tweet location: , United States</div><div class=""reply-post"">RT @ZodiacFacts: A #Pisces will accomodate people to the best of their limits, but if those limits are pushed or violated, they will get ...<span class=""status-id"">Status id: 229749412459598000</span></div><div class=""mr-c-post"">@or_rain I think you meant to type accommodate<span class=""status-id"">Status id: 229803679073579000</span></div></div>"
39.0997265,-94.5785667,"<h4>@<a target=""_blank"" href=""https://twitter.com/kcspano"">kcspano</a></h4>",#E2A9F3,"<div class=""mr-c-wrapper""><div class=""mr-c-loc-str"">Tweet location: Kansas City, United States</div><div class=""reply-post"">Can't foreign countries change clocks to accomodate America? I want to watch events live in primetime. #Olympics<span class=""status-id"">Status id: 229752383322874000</span></div><div class=""mr-c-post"">@kcspano I think you meant to type accommodate<span class=""status-id"">Status id: 229803669523157000</span></div></div>"
33.835649,-98.61438,"<h4>@<a target=""_blank"" href=""https://twitter.com/MsBiancaYvette"">MsBiancaYvette</a></h4>",#E2A9F3,"<div class=""mr-c-wrapper""><div class=""mr-c-loc-str"">Tweet location: Wichita Falls, United States</div><div class=""reply-post"">You don't realize how big your wardrobe is until you use three closets to accomodate it all. #WhyDoIHaveSoManyHeels #SomeoneBringMeCake<span class=""status-id"">Status id: 229757488784871000</span></div><div class=""mr-c-post"">@MsBiancaYvette I think you meant to type accommodate<span class=""status-id"">Status id: 229803664523555000</span></div></div>"
27.8203043,-82.3892598,"<h4>@<a target=""_blank"" href=""https://twitter.com/MissRuth1021"">MissRuth1021</a></h4>",#E2A9F3,"<div class=""mr-c-wrapper""><div class=""mr-c-loc-str"">Tweet location: Hillsborough, United States</div><div class=""reply-post"">@djsmuzz glad we can accomodate a member of #ThePatriarchy @lembas_n_coffee<span class=""status-id"">Status id: 229791190965432000</span></div><div class=""mr-c-post"">@MissRuth1021 I think you meant to type accommodate<span class=""status-id"">Status id: 229803640876061000</span></div></div>"
3.139003,101.686855,"<h4>@<a target=""_blank"" href=""https://twitter.com/MaiJasmoy"">MaiJasmoy</a></h4>",#E2A9F3,"<div class=""mr-c-wrapper""><div class=""mr-c-loc-str"">Tweet location: Kuala Lumpur, Malaysia</div><div class=""reply-post"">RT @ZodiacFacts: A #Pisces will accomodate people to the best of their limits, but if those limits are pushed or violated, they will get ...<span class=""status-id"">Status id: 229792053377253000</span></div><div class=""mr-c-post"">@MaiJasmoy I think you meant to type accommodate<span class=""status-id"">Status id: 229803636207808000</span></div></div>"
31.9685988,-99.9018131,"<h4>@<a target=""_blank"" href=""https://twitter.com/peachers"">peachers</a></h4>",#E2A9F3,"<div class=""mr-c-wrapper""><div class=""mr-c-loc-str"">Tweet location: , United States</div><div class=""reply-post"">TRUE ‚ÄúA #Pisces will accomodate people to the best of their limits, but if those limits are pushed or violated, they will get angry.‚Äù<span class=""status-id"">Status id: 229796503848382000</span></div><div class=""mr-c-post"">@peachers I think you meant to type accommodate<span class=""status-id"">Status id: 229803626468622000</span></div></div>"
29.6856929,76.9904825,"<h4>@<a target=""_blank"" href=""https://twitter.com/pawandhakla"">pawandhakla</a></h4>",#E2A9F3,"<div class=""mr-c-wrapper""><div class=""mr-c-loc-str"">Tweet location: Karnal, India</div><div class=""reply-post"">@janlokpal @_karanmalhotra lets see today.yesterday was a holiday and a mall having 7 to 8 screen can accomodate 6000 people<span class=""status-id"">Status id: 229798186728972000</span></div><div class=""mr-c-post"">@pawandhakla I think you meant to type accommodate<span class=""status-id"">Status id: 229803621825536000</span></div></div>"
33.827426,-117.9759346,"<h4>@<a target=""_blank"" href=""https://twitter.com/ranihasnita"">ranihasnita</a></h4>",#E2A9F3,"<div class=""mr-c-wrapper""><div class=""mr-c-loc-str"">Tweet location: Anaheim, United States</div><div class=""reply-post"">RT @HotspurYids: I beleive the striker thats perfect for us, is Damiao or Remy.<span class=""status-id"">Status id: 229801790827270000</span></div><div class=""mr-c-post"">@ranihasnita I think you meant to type believe!<span class=""status-id"">Status id: 229803603794207000</span></div></div>"
37.8393332,-84.2700179,"<h4>@<a target=""_blank"" href=""https://twitter.com/Ootie__"">Ootie__</a></h4>",#E2A9F3,"<div class=""mr-c-wrapper""><div class=""mr-c-loc-str"">Tweet location: , United States</div><div class=""reply-post"">Haha I can't beleive this nigga Jordan. NERF FOOTBALL head mf.<span class=""status-id"">Status id: 229802336606880000</span></div><div class=""mr-c-post"">@Ootie__ I think you meant to type believe!<span class=""status-id"">Status id: 229803589554553000</span></div></div>"
33.854721,35.862285,"<h4>@<a target=""_blank"" href=""https://twitter.com/Dylan5312"">Dylan5312</a></h4>",#E2A9F3,"<div class=""mr-c-wrapper""><div class=""mr-c-loc-str"">Tweet location: , Lebanon</div><div class=""reply-post"">RT @Ootie__: Haha I can't beleive this nigga Jordan. NERF FOOTBALL head mf.<span class=""status-id"">Status id: 229802498116968000</span></div><div class=""mr-c-post"">@Dylan5312 I think you meant to type believe!<span class=""status-id"">Status id: 229803579941212000</span></div></div>"
29.9510658,-90.0715323,"<h4>@<a target=""_blank"" href=""https://twitter.com/caryvindel"">caryvindel</a></h4>",#E2A9F3,"<div class=""mr-c-wrapper""><div class=""mr-c-loc-str"">Tweet location: New Orleans, United States</div><div class=""reply-post"">@HannahOrtegaaa LMFAO! üòÇ I don't beleive you üòí &amp; I hate when that happens..<span class=""status-id"">Status id: 229802625128874000</span></div><div class=""mr-c-post"">@caryvindel I think you meant to type believe!<span class=""status-id"">Status id: 229803575155511000</span></div></div>"
29.9510658,-90.0715323,"<h4>@<a target=""_blank"" href=""https://twitter.com/HannahOrtegaaa"">HannahOrtegaaa</a></h4>",#E2A9F3,"<div class=""mr-c-wrapper""><div class=""mr-c-loc-str"">Tweet location: New Orleans, United States</div><div class=""reply-post"">RT @caryvindel: @HannahOrtegaaa LMFAO! üòÇ I don't beleive you üòí &amp; I hate when that happens..<span class=""status-id"">Status id: 229803099131376000</span></div><div class=""mr-c-post"">@HannahOrtegaaa I think you meant to type believe!<span class=""status-id"">Status id: 229803551369617000</span></div></div>"
49.214439,-2.13125,"<h4>@<a target=""_blank"" href=""https://twitter.com/Loverynnie"">Loverynnie</a></h4>",#E2A9F3,"<div class=""mr-c-wrapper""><div class=""mr-c-loc-str"">Tweet location: , Jersey</div><div class=""reply-post"">Still cant beleive my boss lost my check #HeAintShit he lucky i dont got bills to pay smh<span class=""status-id"">Status id: 229803255910265000</span></div><div class=""mr-c-post"">@Loverynnie I think you meant to type believe!<span class=""status-id"">Status id: 229803541613646000</span></div></div>"
32.802955,-96.769923,"<h4>@<a target=""_blank"" href=""https://twitter.com/ALLREADYKOOL"">ALLREADYKOOL</a></h4>",#E2A9F3,"<div class=""mr-c-wrapper""><div class=""mr-c-loc-str"">Tweet location: Dallas, United States</div><div class=""reply-post"">I BELEIVE, SO I SHALL RECEIVE<span class=""status-id"">Status id: 229803351850770000</span></div><div class=""mr-c-post"">@ALLREADYKOOL I think you meant to type believe!<span class=""status-id"">Status id: 229803536941216000</span></div></div>"
40.7607793,-111.8910474,"<h4>@<a target=""_blank"" href=""https://twitter.com/ladyluxury1218"">ladyluxury1218</a></h4>",#E2A9F3,"<div class=""mr-c-wrapper""><div class=""mr-c-loc-str"">Tweet location: Salt Lake City, United States</div><div class=""reply-post"">RT @ZodiacFacts: A #Pisces will accomodate people to the best of their limits, but if those limits are pushed or violated, they will get ...<span class=""status-id"">Status id: 229422174925095000</span></div><div class=""mr-c-post"">@ladyluxury1218 I think you meant to type accommodate<span class=""status-id"">Status id: 229441269640856000</span></div></div>"
13.194282,79.894145,"<h4>@<a target=""_blank"" href=""https://twitter.com/iLoveMy_305"">iLoveMy_305</a></h4>",#E2A9F3,"<div class=""mr-c-wrapper""><div class=""mr-c-loc-str"">Tweet location: Thiruvallur, India</div><div class=""reply-post"">@Resilient_Phil9 to accomodate ppl...<span class=""status-id"">Status id: 229422433873039000</span></div><div class=""mr-c-post"">@iLoveMy_305 I think you meant to type accommodate<span class=""status-id"">Status id: 229441264821625000</span></div></div>"
45.5086699,-73.5539925,"<h4>@<a target=""_blank"" href=""https://twitter.com/Alkebulan_"">Alkebulan_</a></h4>",#E2A9F3,"<div class=""mr-c-wrapper""><div class=""mr-c-loc-str"">Tweet location: Montreal, Canada</div><div class=""reply-post"">RT @ZodiacFacts: A #Pisces will accomodate people to the best of their limits, but if those limits are pushed or violated, they will get ...<span class=""status-id"">Status id: 229422637108056000</span></div><div class=""mr-c-post"">@Alkebulan_ I think you meant to type accommodate<span class=""status-id"">Status id: 229441259863953000</span></div></div>"
41.6397696,-81.4065011,"<h4>@<a target=""_blank"" href=""https://twitter.com/Amelia_Panda"">Amelia_Panda</a></h4>",#E2A9F3,"<div class=""mr-c-wrapper""><div class=""mr-c-loc-str"">Tweet location: Willoughby, United States</div><div class=""reply-post"">RT @ZodiacFacts: A #Pisces will accomodate people to the best of their limits, but if those limits are pushed or violated, they will get ...<span class=""status-id"">Status id: 229428231491699000</span></div><div class=""mr-c-post"">@Amelia_Panda I think you meant to type accommodate<span class=""status-id"">Status id: 229441245481669000</span></div></div>"
-0.789275,113.921327,"<h4>@<a target=""_blank"" href=""https://twitter.com/de_wonggg"">de_wonggg</a></h4>",#E2A9F3,"<div class=""mr-c-wrapper""><div class=""mr-c-loc-str"">Tweet location: , Indonesia</div><div class=""reply-post"">RT @ZodiacFacts: A #Pisces will accomodate people to the best of their limits, but if those limits are pushed or violated, they will get ...<span class=""status-id"">Status id: 229430354069570000</span></div><div class=""mr-c-post"">@de_wonggg I think you meant to type accommodate<span class=""status-id"">Status id: 229441240838578000</span></div></div>"
48.2472982,-112.8080272,"<h4>@<a target=""_blank"" href=""https://twitter.com/SpiderKwei777"">SpiderKwei777</a></h4>",#E2A9F3,"<div class=""mr-c-wrapper""><div class=""mr-c-loc-str"">Tweet location: Valier, United States</div><div class=""reply-post"">RT @ZodiacFacts: A #Pisces will accomodate people to the best of their limits, but if those limits are pushed or violated, they will get ...<span class=""status-id"">Status id: 229437110606782000</span></div><div class=""mr-c-post"">@SpiderKwei777 I think you meant to type accommodate<span class=""status-id"">Status id: 229441235952210000</span></div></div>"
32.778184,35.010009,"<h4>@<a target=""_blank"" href=""https://twitter.com/VuniQ"">VuniQ</a></h4>",#E2A9F3,"<div class=""mr-c-wrapper""><div class=""mr-c-loc-str"">Tweet location: Haifa, Israel</div><div class=""reply-post"">RT @ZodiacFacts: A #Pisces will accomodate people to the best of their limits, but if those limits are pushed or violated, they will get ...<span class=""status-id"">Status id: 229437734085857000</span></div><div class=""mr-c-post"">@VuniQ I think you meant to type accommodate<span class=""status-id"">Status id: 229441230721917000</span></div></div>"
40.7143528,-74.0059731,"<h4>@<a target=""_blank"" href=""https://twitter.com/Maryanne_Deckel"">Maryanne_Deckel</a></h4>",#E2A9F3,"<div class=""mr-c-wrapper""><div class=""mr-c-loc-str"">Tweet location: New York, United States</div><div class=""reply-post"">Febi Washer Pump: Febi-Bilstein Washer Pump - *To Accomodate use of this New Washer Pump, mu... http://t.co/qnfUMuiw #discounted #onsale<span class=""status-id"">Status id: 229440049140363000</span></div><div class=""mr-c-post"">@Maryanne_Deckel I think you meant to type accommodate<span class=""status-id"">Status id: 229441211105165000</span></div></div>"
34.0522342,-118.2436849,"<h4>@<a target=""_blank"" href=""https://twitter.com/oliviasbored"">oliviasbored</a></h4>",#E2A9F3,"<div class=""mr-c-wrapper""><div class=""mr-c-loc-str"">Tweet location: Los Angeles, United States</div><div class=""reply-post"">@LUVRawrza i still cant beleive she was that bored<span class=""status-id"">Status id: 229440157575676000</span></div><div class=""mr-c-post"">@oliviasbored I think you meant to type believe!<span class=""status-id"">Status id: 229441179111027000</span></div></div>"
43.552293,0.0007429,"<h4>@<a target=""_blank"" href=""https://twitter.com/AlissaBurke1"">AlissaBurke1</a></h4>",#E2A9F3,"<div class=""mr-c-wrapper""><div class=""mr-c-loc-str"">Tweet location: H√®res, France</div><div class=""reply-post"">RT @harvinmezgin: i acc dont know what i'd do without @justinbieber he makes me beleive there are good guys out there #beleive #lovehim<span class=""status-id"">Status id: 229440543510376000</span></div><div class=""mr-c-post"">@AlissaBurke1 I think you meant to type believe!<span class=""status-id"">Status id: 229441160215687000</span></div></div>"
39.0457549,-76.6412712,"<h4>@<a target=""_blank"" href=""https://twitter.com/bikerbarbie38"">bikerbarbie38</a></h4>",#E2A9F3,"<div class=""mr-c-wrapper""><div class=""mr-c-loc-str"">Tweet location: , United States</div><div class=""reply-post"">When you screw over and hurt the most important person in my life. I WILL MAKE YOUR LIFE HORRIBLE!! Best beleive that on my life!!<span class=""status-id"">Status id: 229440712301760000</span></div><div class=""mr-c-post"">@bikerbarbie38 I think you meant to type believe!<span class=""status-id"">Status id: 229441141186109000</span></div></div>"
31.9685988,-99.9018131,"<h4>@<a target=""_blank"" href=""https://twitter.com/PlayboyDSP"">PlayboyDSP</a></h4>",#E2A9F3,"<div class=""mr-c-wrapper""><div class=""mr-c-loc-str"">Tweet location: , United States</div><div class=""reply-post"">Cnt beleive her ass won ugh now i gotta come out some cash but oh well its all fair in love in war<span class=""status-id"">Status id: 229440868392776000</span></div><div class=""mr-c-post"">@PlayboyDSP I think you meant to type believe!<span class=""status-id"">Status id: 229441136282980000</span></div></div>"
30.267153,-97.7430608,"<h4>@<a target=""_blank"" href=""https://twitter.com/JoeMihalic"">JoeMihalic</a></h4>",#E2A9F3,"<div class=""mr-c-wrapper""><div class=""mr-c-loc-str"">Tweet location: Austin, United States</div><div class=""reply-post"">@ImAlexMiranda @andrewmcswain @DrMarcusLehman We can accomodate un plus but pretend we didn't. CBS#3<span class=""status-id"">Status id: 229069481807315000</span></div><div class=""mr-c-post"">@JoeMihalic I think you meant to type accommodate<span class=""status-id"">Status id: 229078906651673000</span></div></div>"
-20.9175738,142.7027956,"<h4>@<a target=""_blank"" href=""https://twitter.com/WagtheDogGC"">WagtheDogGC</a></h4>",#E2A9F3,"<div class=""mr-c-wrapper""><div class=""mr-c-loc-str"">Tweet location: , Australia</div><div class=""reply-post"">A town in New Mexico has changed it's leash laws in order to accomodate Blue, the 'community' dog.
("""") ("""") http://t.co/NNQJXe7W<span class=""status-id"">Status id: 229071331122098000</span></div><div class=""mr-c-post"">@WagtheDogGC I think you meant to type accommodate<span class=""status-id"">Status id: 229078901928907000</span></div></div>"
1.352083,103.819836,"<h4>@<a target=""_blank"" href=""https://twitter.com/janicehuiling"">janicehuiling</a></h4>",#E2A9F3,"<div class=""mr-c-wrapper""><div class=""mr-c-loc-str"">Tweet location: , Singapore</div><div class=""reply-post"">RT @ZodiacFacts: A #Pisces will accomodate people to the best of their limits, but if those limits are pushed or violated, they will get ...<span class=""status-id"">Status id: 229077382848475000</span></div><div class=""mr-c-post"">@janicehuiling I think you meant to type accommodate<span class=""status-id"">Status id: 229078854306763000</span></div></div>"
59.747073,7.846249,"<h4>@<a target=""_blank"" href=""https://twitter.com/DudeItsToya"">DudeItsToya</a></h4>",#E2A9F3,"<div class=""mr-c-wrapper""><div class=""mr-c-loc-str"">Tweet location: V√•, Norway</div><div class=""reply-post"">RT @ZodiacFacts: A #Pisces will accomodate people to the best of their limits, but if those limits are pushed or violated, they will get ...<span class=""status-id"">Status id: 229077486787523000</span></div><div class=""mr-c-post"">@DudeItsToya I think you meant to type accommodate<span class=""status-id"">Status id: 229078849630122000</span></div></div>"
38.5976262,-80.4549026,"<h4>@<a target=""_blank"" href=""https://twitter.com/MsTally_x3"">MsTally_x3</a></h4>",#E2A9F3,"<div class=""mr-c-wrapper""><div class=""mr-c-loc-str"">Tweet location: , United States</div><div class=""reply-post"">@IAmCamero I Love You Too , &amp; I'll Always be Here for You No Matter What , Just Keep Your Head Up And BELEIVE ! &lt;333333 :)<span class=""status-id"">Status id: 229077895283347000</span></div><div class=""mr-c-post"">@MsTally_x3 I think you meant to type believe!<span class=""status-id"">Status id: 229078813517177000</span></div></div>"
50.8063524,5.0668034,"<h4>@<a target=""_blank"" href=""https://twitter.com/Dayynuhh11"">Dayynuhh11</a></h4>",#E2A9F3,"<div class=""mr-c-wrapper""><div class=""mr-c-loc-str"">Tweet location: Linter, Belgium</div><div class=""reply-post"">I wish I could love you, and make you beleive it, cause that's all you ever wanted from me...#Sorry<span class=""status-id"">Status id: 229077976996786000</span></div><div class=""mr-c-post"">@Dayynuhh11 I think you meant to type believe!<span class=""status-id"">Status id: 229078802695856000</span></div></div>"
32.1574351,-82.907123,"<h4>@<a target=""_blank"" href=""https://twitter.com/1one1direction2"">1one1direction2</a></h4>",#E2A9F3,"<div class=""mr-c-wrapper""><div class=""mr-c-loc-str"">Tweet location: , United States</div><div class=""reply-post"">@BreannaLUVLouis That comment was mine lol (: I still can't beleive she tweeted it hahh #PROUDMOMENTS!<span class=""status-id"">Status id: 229078399958790000</span></div><div class=""mr-c-post"">@1one1direction2 I think you meant to type believe!<span class=""status-id"">Status id: 229078784329019000</span></div></div>"
18.735693,-70.162651,"<h4>@<a target=""_blank"" href=""https://twitter.com/iGirlfriendRauh"">iGirlfriendRauh</a></h4>",#E2A9F3,"<div class=""mr-c-wrapper""><div class=""mr-c-loc-str"">Tweet location: , Dominican Republic</div><div class=""reply-post"">'Beleive' 'Canada y el polo norte son continentes' 'Aouround' 'Belebeibers' No se ustedes, pero yo me sigo preguntando como co√±o se Gradu√≥.<span class=""status-id"">Status id: 229078507970503000</span></div><div class=""mr-c-post"">@iGirlfriendRauh I think you meant to type believe!<span class=""status-id"">Status id: 229078779782390000</span></div></div>"
32.5920798,-96.7561082,"<h4>@<a target=""_blank"" href=""https://twitter.com/MySwaagUnique"">MySwaagUnique</a></h4>",#E2A9F3,"<div class=""mr-c-wrapper""><div class=""mr-c-loc-str"">Tweet location: Lancaster, United States</div><div class=""reply-post"">Take A Girl Virginity If Yhu Want , Bets Beleive She Cathcin Feelings .<span class=""status-id"">Status id: 229078559010980000</span></div><div class=""mr-c-post"">@IStaay_TRUU I think you meant to type believe!<span class=""status-id"">Status id: 229078774837305000</span></div></div>"
43.16103,-77.6109219,"<h4>@<a target=""_blank"" href=""https://twitter.com/theCraftBeerGrl"">theCraftBeerGrl</a></h4>",#E2A9F3,"<div class=""mr-c-wrapper""><div class=""mr-c-loc-str"">Tweet location: Rochester, United States</div><div class=""reply-post"">Jason Aldean Changes Song Lyrics To Accomodate Beer Sponsorship http://t.co/a2Xb8rcB<span class=""status-id"">Status id: 228659280558043000</span></div><div class=""mr-c-post"">@theCraftBeerGrl I think you meant to type accommodate<span class=""status-id"">Status id: 228716484401168000</span></div></div>"
33.639975,-84.444032,"<h4>@<a target=""_blank"" href=""https://twitter.com/N_I_C_K_D_U_B"">N_I_C_K_D_U_B</a></h4>",#E2A9F3,"<div class=""mr-c-wrapper""><div class=""mr-c-loc-str"">Tweet location: Atlanta, United States</div><div class=""reply-post"">bout 2 hit Bizzy B's n a few.......yeah I NEED dat n my life....hot wings have been put on my SOUL....and I must accomodate....<span class=""status-id"">Status id: 228659686851895000</span></div><div class=""mr-c-post"">@N_I_C_K_D_U_B I think you meant to type accommodate<span class=""status-id"">Status id: 228716479669998000</span></div></div>"
54.283113,-0.399752,"<h4>@<a target=""_blank"" href=""https://twitter.com/Mike_Fahmy"">Mike_Fahmy</a></h4>",#E2A9F3,"<div class=""mr-c-wrapper""><div class=""mr-c-loc-str"">Tweet location: Scarborough, United Kingdom</div><div class=""reply-post"">I know but It's hard to get good players when you don't have the cap room to accomodate them. That's the issue the #Leafs are faced with<span class=""status-id"">Status id: 228677016243814000</span></div><div class=""mr-c-post"">@Mike_Fahmy I think you meant to type accommodate<span class=""status-id"">Status id: 228716455460475000</span></div></div>"
33.4483771,-112.0740373,"<h4>@<a target=""_blank"" href=""https://twitter.com/sledge071"">sledge071</a></h4>",#E2A9F3,"<div class=""mr-c-wrapper""><div class=""mr-c-loc-str"">Tweet location: Phoenix, United States</div><div class=""reply-post"">@RachelN92 Most people seem to find it very difficult to modify their world view to accomodate new information<span class=""status-id"">Status id: 228683994261234000</span></div><div class=""mr-c-post"">@sledge071 I think you meant to type accommodate<span class=""status-id"">Status id: 228716450582512000</span></div></div>"
37.09024,-95.712891,"<h4>@<a target=""_blank"" href=""https://twitter.com/nursingaccelera"">nursingaccelera</a></h4>",#E2A9F3,"<div class=""mr-c-wrapper""><div class=""mr-c-loc-str"">Tweet location: , United States</div><div class=""reply-post"">Many Hospitals Move To Color Coding Departments And Staff Members, Blue Sky Scrubs Works To Accomodate The Many... http://t.co/0umcCcAH<span class=""status-id"">Status id: 228686721221526000</span></div><div class=""mr-c-post"">@nursingaccelera I think you meant to type accommodate<span class=""status-id"">Status id: 228716445683552000</span></div></div>"
12.879721,121.774017,"<h4>@<a target=""_blank"" href=""https://twitter.com/jimcanete"">jimcanete</a></h4>",#E2A9F3,"<div class=""mr-c-wrapper""><div class=""mr-c-loc-str"">Tweet location: , Philippines</div><div class=""reply-post"">RT @officialQUEST: Expect a jam packed @victory_pioneer center tomorrow. Be there early cos we can only accomodate 1,280 people for safe ...<span class=""status-id"">Status id: 228688709485228000</span></div><div class=""mr-c-post"">@jimcanete I think you meant to type accommodate<span class=""status-id"">Status id: 228716440767828000</span></div></div>"
27.6648274,-81.5157535,"<h4>@<a target=""_blank"" href=""https://twitter.com/SimplySergine"">SimplySergine</a></h4>",#E2A9F3,"<div class=""mr-c-wrapper""><div class=""mr-c-loc-str"">Tweet location: , United States</div><div class=""reply-post"">Anything is possible if you beleive<span class=""status-id"">Status id: 228714656770949000</span></div><div class=""mr-c-post"">@SimplySergine I think you meant to type believe!<span class=""status-id"">Status id: 228716432463114000</span></div></div>"
33.7489954,-84.3879824,"<h4>@<a target=""_blank"" href=""https://twitter.com/_EnvyRedd"">_EnvyRedd</a></h4>",#E2A9F3,"<div class=""mr-c-wrapper""><div class=""mr-c-loc-str"">Tweet location: Atlanta, United States</div><div class=""reply-post"">I know Vonna dont beleive me but we gone hang out before school starts back, even if it kills me :))<span class=""status-id"">Status id: 228714884102242000</span></div><div class=""mr-c-post"">@_EnvyRedd I think you meant to type believe!<span class=""status-id"">Status id: 228716427790647000</span></div></div>"
-14.235004,-51.92528,"<h4>@<a target=""_blank"" href=""https://twitter.com/BeliebersFANJB"">BeliebersFANJB</a></h4>",#E2A9F3,"<div class=""mr-c-wrapper""><div class=""mr-c-loc-str"">Tweet location: , Brazil</div><div class=""reply-post"">RT @ItBieber: CRAY :::::::::::: BIEBAS :::::::::::::::BELEIVE ::::::::::::::: KIDRAUL :::::::::::: BOYFREND :::::::::BELEBIEBER :::::::  ...<span class=""status-id"">Status id: 228715039903863000</span></div><div class=""mr-c-post"">@BeliebersFANJB I think you meant to type believe!<span class=""status-id"">Status id: 228716413643284000</span></div></div>"
36.778261,-119.4179324,"<h4>@<a target=""_blank"" href=""https://twitter.com/tvbeatles93"">tvbeatles93</a></h4>",#E2A9F3,"<div class=""mr-c-wrapper""><div class=""mr-c-loc-str"">Tweet location: , United States</div><div class=""reply-post"">Anyone ever notice how Big Bang Theory doesnt beleive in brand messaging?? I love their fake rip-off brands!<span class=""status-id"">Status id: 228715649038426000</span></div><div class=""mr-c-post"">@tvbeatles93 I think you meant to type believe!<span class=""status-id"">Status id: 228716399462326000</span></div></div>"
33.639975,-84.444032,"<h4>@<a target=""_blank"" href=""https://twitter.com/Ambitious_Vonna"">Ambitious_Vonna</a></h4>",#E2A9F3,"<div class=""mr-c-wrapper""><div class=""mr-c-loc-str"">Tweet location: Atlanta, United States</div><div class=""reply-post"">‚Äú@_EnvyRedd: I know Vonna dont beleive me but we gone hang out before school starts back, even if it kills me :))‚Äùpraise godddd üëØ<span class=""status-id"">Status id: 228715728801501000</span></div><div class=""mr-c-post"">@Ambitious_Vonna I think you meant to type believe!<span class=""status-id"">Status id: 228716389890937000</span></div></div>"
43.729391,-79.403472,"<h4>@<a target=""_blank"" href=""https://twitter.com/ahoy_thurr"">ahoy_thurr</a></h4>",#E2A9F3,"<div class=""mr-c-wrapper""><div class=""mr-c-loc-str"">Tweet location: Toronto, Canada</div><div class=""reply-post"">RT @Kimonster13: u guys im so hxc though srsly plz just beleive me, u dont okay MEET Me in da pit. i'll fuckn show u. fuck u. -flips off-<span class=""status-id"">Status id: 228716141487477000</span></div><div class=""mr-c-post"">@ahoy_thurr I think you meant to type believe!<span class=""status-id"">Status id: 228716373776417000</span></div></div>"
41.8781136,-87.6297982,"<h4>@<a target=""_blank"" href=""https://twitter.com/NikkiWB"">NikkiWB</a></h4>",#E2A9F3,"<div class=""mr-c-wrapper""><div class=""mr-c-loc-str"">Tweet location: Chicago, United States</div><div class=""reply-post"">RT @Kimonster13: u guys im so hxc though srsly plz just beleive me, u dont okay MEET Me in da pit. i'll fuckn show u. fuck u. -flips off-<span class=""status-id"">Status id: 228716271213113000</span></div><div class=""mr-c-post"">@NikkiWB I think you meant to type believe!<span class=""status-id"">Status id: 228716364213408000</span></div></div>"
51.664972,-3.30586,"<h4>@<a target=""_blank"" href=""https://twitter.com/stevesmith1976"">stevesmith1976</a></h4>",#E2A9F3,"<div class=""mr-c-wrapper""><div class=""mr-c-loc-str"">Tweet location: Treharris, United Kingdom</div><div class=""reply-post"">@markturner1 @ianred7980 so cut wage bill a bit to accomodate pienaar too :)<span class=""status-id"">Status id: 228359918015631000</span></div><div class=""mr-c-post"">@stevesmith1976 I think you meant to type accommodate<span class=""status-id"">Status id: 228399159382794000</span></div></div>"
29.7601927,-95.3693896,"<h4>@<a target=""_blank"" href=""https://twitter.com/DjThirty6Rounds"">DjThirty6Rounds</a></h4>",#E2A9F3,"<div class=""mr-c-wrapper""><div class=""mr-c-loc-str"">Tweet location: Houston, United States</div><div class=""reply-post"">@tomiwaa no yawa guy I go try accomodate you as best as I can and YOU WILL PAY RENT SHA<span class=""status-id"">Status id: 228361397124354000</span></div><div class=""mr-c-post"">@DjThirty6Rounds I think you meant to type accommodate<span class=""status-id"">Status id: 228399154722898000</span></div></div>"
-37.8136111,144.9630556,"<h4>@<a target=""_blank"" href=""https://twitter.com/it_support_"">it_support_</a></h4>",#E2A9F3,"<div class=""mr-c-wrapper""><div class=""mr-c-loc-str"">Tweet location: Melbourne, Australia</div><div class=""reply-post"">Secure your business with fully integrated security installations. We can accomodate any business with a security solution to suit.<span class=""status-id"">Status id: 228362766937891000</span></div><div class=""mr-c-post"">@it_support_ I think you meant to type accommodate<span class=""status-id"">Status id: 228399140147704000</span></div></div>"
4.210484,101.975766,"<h4>@<a target=""_blank"" href=""https://twitter.com/rizalyaakub"">rizalyaakub</a></h4>",#E2A9F3,"<div class=""mr-c-wrapper""><div class=""mr-c-loc-str"">Tweet location: , Malaysia</div><div class=""reply-post"">@zairanishak untuk accomodate aku gaqklah tu. Haha<span class=""status-id"">Status id: 228374867307790000</span></div><div class=""mr-c-post"">@rizalyaakub I think you meant to type accommodate<span class=""status-id"">Status id: 228399126956618000</span></div></div>"
57.477773,-4.224721,"<h4>@<a target=""_blank"" href=""https://twitter.com/PSYCHOovPWELL"">PSYCHOovPWELL</a></h4>",#E2A9F3,"<div class=""mr-c-wrapper""><div class=""mr-c-loc-str"">Tweet location: Inverness, United Kingdom</div><div class=""reply-post"">ALLEN BROS: WE UNDERSTAND FROM SOURCES THAT SOME HOUSE LOANS OR MORTGAGES CAN ACCOMODATE A CAR LOAN OV 25 YEARS TO START CAR OWNERS OFF! DAX<span class=""status-id"">Status id: 228383841952346000</span></div><div class=""mr-c-post"">@PSYCHOovPWELL I think you meant to type accommodate<span class=""status-id"">Status id: 228399112867963000</span></div></div>"
54.4513524,-7.7125018,"<h4>@<a target=""_blank"" href=""https://twitter.com/SirChrisLennox"">SirChrisLennox</a></h4>",#E2A9F3,"<div class=""mr-c-wrapper""><div class=""mr-c-loc-str"">Tweet location: Fermanagh, United Kingdom</div><div class=""reply-post"">@queenchristina_ I beg to differ. Beeb have shunted CBBC to a non-existent channel to accomodate Olympic coverage. Cue disappointed kids.<span class=""status-id"">Status id: 228389102402273000</span></div><div class=""mr-c-post"">@SirChrisLennox I think you meant to type accommodate<span class=""status-id"">Status id: 228399103443337000</span></div></div>"
-28.1357343,153.486934,"<h4>@<a target=""_blank"" href=""https://twitter.com/JMSUPCompany"">JMSUPCompany</a></h4>",#E2A9F3,"<div class=""mr-c-wrapper""><div class=""mr-c-loc-str"">Tweet location: Currumbin, Australia</div><div class=""reply-post"">Attention all: Work Out on Water will be at 8am tommorow instead of 7am to accomodate those wanting to go to... http://t.co/3X0XCClD<span class=""status-id"">Status id: 228390417526292000</span></div><div class=""mr-c-post"">@JMSUPCompany I think you meant to type accommodate<span class=""status-id"">Status id: 228399098670223000</span></div></div>"
-33.873651,151.2068896,"<h4>@<a target=""_blank"" href=""https://twitter.com/nicolalaii"">nicolalaii</a></h4>",#E2A9F3,"<div class=""mr-c-wrapper""><div class=""mr-c-loc-str"">Tweet location: Sydney, Australia</div><div class=""reply-post"">@TAMMY_DGREAT thank u sa pg.accomodate ug sa pgpauli samu'g late. nyaha! mwa ..<span class=""status-id"">Status id: 228391757279273000</span></div><div class=""mr-c-post"">@nicolalaii I think you meant to type accommodate<span class=""status-id"">Status id: 228399093922296000</span></div></div>"
31.2622095,75.5326152,"<h4>@<a target=""_blank"" href=""https://twitter.com/emmylovesrpattz"">emmylovesrpattz</a></h4>",#E2A9F3,"<div class=""mr-c-wrapper""><div class=""mr-c-loc-str"">Tweet location: Jalandhar, India</div><div class=""reply-post"">@jovsky1000 i beleive that 1 million bazillion % w/ everything in me<span class=""status-id"">Status id: 228394177518531000</span></div><div class=""mr-c-post"">@emmylovesrpattz I think you meant to type believe!<span class=""status-id"">Status id: 228399081263886000</span></div></div>"
42.2736522,-83.742076,"<h4>@<a target=""_blank"" href=""https://twitter.com/yourboykevzz"">yourboykevzz</a></h4>",#E2A9F3,"<div class=""mr-c-wrapper""><div class=""mr-c-loc-str"">Tweet location: Ann Arbor Charter Township, United States</div><div class=""reply-post"">don't beleive it<span class=""status-id"">Status id: 228394561939050000</span></div><div class=""mr-c-post"">@yourboykevzz I think you meant to type believe!<span class=""status-id"">Status id: 228399076616585000</span></div></div>"
54.978252,-1.61778,"<h4>@<a target=""_blank"" href=""https://twitter.com/AnaMillenx"">AnaMillenx</a></h4>",#E2A9F3,"<div class=""mr-c-wrapper""><div class=""mr-c-loc-str"">Tweet location: Newcastle Upon Tyne, United Kingdom</div><div class=""reply-post"">Cant beleive I am going to work with my Mam at this time #dead<span class=""status-id"">Status id: 228395512271880000</span></div><div class=""mr-c-post"">@AnaMillenx I think you meant to type believe!<span class=""status-id"">Status id: 228399049055822000</span></div></div>"
39.0457549,-76.6412712,"<h4>@<a target=""_blank"" href=""https://twitter.com/ToreySheen"">ToreySheen</a></h4>",#E2A9F3,"<div class=""mr-c-wrapper""><div class=""mr-c-loc-str"">Tweet location: , United States</div><div class=""reply-post"">RT @CANI_POSH: lookin at me  n @ToreySheen in high school, we wouldnt beleive you if you told us where we would be right now back then(r ...<span class=""status-id"">Status id: 228397027543880000</span></div><div class=""mr-c-post"">@ToreySheen I think you meant to type believe!<span class=""status-id"">Status id: 228399039643783000</span></div></div>"
23.634501,-102.552784,"<h4>@<a target=""_blank"" href=""https://twitter.com/BobbyMcButtsex"">BobbyMcButtsex</a></h4>",#E2A9F3,"<div class=""mr-c-wrapper""><div class=""mr-c-loc-str"">Tweet location: , Mexico</div><div class=""reply-post"">@RealKrisSurf no i dont beleive that. be william shatner.<span class=""status-id"">Status id: 228397181336441000</span></div><div class=""mr-c-post"">@BobbyMcButtsex I think you meant to type believe!<span class=""status-id"">Status id: 228399034853913000</span></div></div>"
39.6405669,-89.1874584,"<h4>@<a target=""_blank"" href=""https://twitter.com/DONTBESHYY_"">DONTBESHYY_</a></h4>",#E2A9F3,"<div class=""mr-c-wrapper""><div class=""mr-c-loc-str"">Tweet location: Stonington, United States</div><div class=""reply-post"">I can't beleive you just said that ...<span class=""status-id"">Status id: 228398332429611000</span></div><div class=""mr-c-post"">@shymarieeeee I think you meant to type believe!<span class=""status-id"">Status id: 228399020370969000</span></div></div>"
39.2903848,-76.6121893,"<h4>@<a target=""_blank"" href=""https://twitter.com/MdTAcustomers"">MdTAcustomers</a></h4>",#E2A9F3,"<div class=""mr-c-wrapper""><div class=""mr-c-loc-str"">Tweet location: Baltimore, United States</div><div class=""reply-post"">RT @taurusdragonfly: @jedweeks doesn't bode well for tmrw when MD Ave will be closed too. Why doesn't @mtamaryland double up on 27s to a ...<span class=""status-id"">Status id: 226181639624090000</span></div><div class=""mr-c-post"">@MdTAcustomers I think you meant to type accommodate<span class=""status-id"">Status id: 226220624379511000</span></div></div>"
23.2369203,-106.4232602,"<h4>@<a target=""_blank"" href=""https://twitter.com/zurairi"">zurairi</a></h4>",#E2A9F3,"<div class=""mr-c-wrapper""><div class=""mr-c-loc-str"">Tweet location: Mazatlan, Mexico</div><div class=""reply-post"">RT @amehase: Religion has evolved to accomodate facebook. To profess to something, you have to ""Like"" their page. Wonderful.<span class=""status-id"">Status id: 226183544785998000</span></div><div class=""mr-c-post"">@zurairi I think you meant to type accommodate<span class=""status-id"">Status id: 226220611498820000</span></div></div>"
43.127995,-77.666098,"<h4>@<a target=""_blank"" href=""https://twitter.com/songstressSL"">songstressSL</a></h4>",#E2A9F3,"<div class=""mr-c-wrapper""><div class=""mr-c-loc-str"">Tweet location: Rochester, United States</div><div class=""reply-post"">@NomDeNick Oh, I can hear everything. So nice of them to accomodate<span class=""status-id"">Status id: 226183732422394000</span></div><div class=""mr-c-post"">@songstressSL I think you meant to type accommodate<span class=""status-id"">Status id: 226220606562120000</span></div></div>"
-33.673983,151.2858154,"<h4>@<a target=""_blank"" href=""https://twitter.com/TadModen"">TadModen</a></h4>",#E2A9F3,"<div class=""mr-c-wrapper""><div class=""mr-c-loc-str"">Tweet location: Mona Vale, Australia</div><div class=""reply-post"">@TrjnRabbit @REALRocketman I was giving an example. And why bother redefining marriage if you aren't going to accomodate the differences?<span class=""status-id"">Status id: 226183750562746000</span></div><div class=""mr-c-post"">@TadModen I think you meant to type accommodate<span class=""status-id"">Status id: 226220601549922000</span></div></div>"
4.210484,101.975766,"<h4>@<a target=""_blank"" href=""https://twitter.com/yauhui"">yauhui</a></h4>",#E2A9F3,"<div class=""mr-c-wrapper""><div class=""mr-c-loc-str"">Tweet location: , Malaysia</div><div class=""reply-post"">RT @amehase: Religion has evolved to accomodate facebook. To profess to something, you have to ""Like"" their page. Wonderful.<span class=""status-id"">Status id: 226186104859136000</span></div><div class=""mr-c-post"">@yauhui I think you meant to type accommodate<span class=""status-id"">Status id: 226220596969750000</span></div></div>"
10.691803,-61.222503,"<h4>@<a target=""_blank"" href=""https://twitter.com/VaunnNjF"">VaunnNjF</a></h4>",#E2A9F3,"<div class=""mr-c-wrapper""><div class=""mr-c-loc-str"">Tweet location: , Trinidad and Tobago</div><div class=""reply-post"">My brother's bed can accomodate 4 ppl comfortably.. Why??? Only 4 ppl in the house and we all got our own beds..<span class=""status-id"">Status id: 226200818452414000</span></div><div class=""mr-c-post"">@VaunnNjF I think you meant to type accommodate<span class=""status-id"">Status id: 226220586953753000</span></div></div>"
36.7372921,-94.6057793,"<h4>@<a target=""_blank"" href=""https://twitter.com/znahlicious"">znahlicious</a></h4>",#E2A9F3,"<div class=""mr-c-wrapper""><div class=""mr-c-loc-str"">Tweet location: Hart, United States</div><div class=""reply-post"">@Xian_Yoon gabe kmn mga asta sa accomodate sang cisat grounds haha!!<span class=""status-id"">Status id: 226202577103114000</span></div><div class=""mr-c-post"">@znahlicious I think you meant to type accommodate<span class=""status-id"">Status id: 226220582352605000</span></div></div>"
-28.5305539,30.8958242,"<h4>@<a target=""_blank"" href=""https://twitter.com/SizakeleMkhize"">SizakeleMkhize</a></h4>",#E2A9F3,"<div class=""mr-c-wrapper""><div class=""mr-c-loc-str"">Tweet location: , South Africa</div><div class=""reply-post"">Want to come to Joburg bt I got no place to stay. Who cn accomodate me?<span class=""status-id"">Status id: 226202842279592000</span></div><div class=""mr-c-post"">@SizakeleMkhize I think you meant to type accommodate<span class=""status-id"">Status id: 226220577717883000</span></div></div>"
37.9837155,23.7293097,"<h4>@<a target=""_blank"" href=""https://twitter.com/DKapralos"">DKapralos</a></h4>",#E2A9F3,"<div class=""mr-c-wrapper""><div class=""mr-c-loc-str"">Tweet location: Athens, Greece</div><div class=""reply-post"">...awaits to accomodate you in the best way! axaxa #camping_ad<span class=""status-id"">Status id: 226207046041747000</span></div><div class=""mr-c-post"">@DKapralos I think you meant to type accommodate<span class=""status-id"">Status id: 226220572298867000</span></div></div>"
51.5459269,0.7077123,"<h4>@<a target=""_blank"" href=""https://twitter.com/luk3watson"">luk3watson</a></h4>",#E2A9F3,"<div class=""mr-c-wrapper""><div class=""mr-c-loc-str"">Tweet location: Southend-on-Sea, United Kingdom</div><div class=""reply-post"">RT @50ShadesOfShit: My pilchard purse was now stretched to Katie Price proportions and could now comfortably accomodate a thermos flask  ...<span class=""status-id"">Status id: 226211065984319000</span></div><div class=""mr-c-post"">@luk3watson I think you meant to type accommodate<span class=""status-id"">Status id: 226220567500554000</span></div></div>"
19.0759837,72.8776559,"<h4>@<a target=""_blank"" href=""https://twitter.com/prsmehra"">prsmehra</a></h4>",#E2A9F3,"<div class=""mr-c-wrapper""><div class=""mr-c-loc-str"">Tweet location: Mumbai, India</div><div class=""reply-post"">Could #Sharad Pawar's carping have to do with any upcoming cabinet reshuffle to accomodate #Rahul Gandhi?<span class=""status-id"">Status id: 226219614672138000</span></div><div class=""mr-c-post"">@prsmehra I think you meant to type accommodate<span class=""status-id"">Status id: 226220562761007000</span></div></div>"
41.5552939,-91.5335831,"<h4>@<a target=""_blank"" href=""https://twitter.com/Vapid_Islas"">Vapid_Islas</a></h4>",#E2A9F3,"<div class=""mr-c-wrapper""><div class=""mr-c-loc-str"">Tweet location: Hills, United States</div><div class=""reply-post"">@SarahhhLynne fine dont beleive me. it was my dream. you'll soon get to dream the dream<span class=""status-id"">Status id: 226218027258098000</span></div><div class=""mr-c-post"">@Vapid_Islas I think you meant to type believe!<span class=""status-id"">Status id: 226220554804412000</span></div></div>"
32.735687,-97.1080656,"<h4>@<a target=""_blank"" href=""https://twitter.com/bresteezy"">bresteezy</a></h4>",#E2A9F3,"<div class=""mr-c-wrapper""><div class=""mr-c-loc-str"">Tweet location: Arlington, United States</div><div class=""reply-post"">@mothergoose44 Dont Beleive Me Then! &gt;:D<span class=""status-id"">Status id: 226218651727057000</span></div><div class=""mr-c-post"">@bresteezy I think you meant to type believe!<span class=""status-id"">Status id: 226220540308898000</span></div></div>"
-25.274398,133.775136,"<h4>@<a target=""_blank"" href=""https://twitter.com/TOBEINFRONT"">TOBEINFRONT</a></h4>",#E2A9F3,"<div class=""mr-c-wrapper""><div class=""mr-c-loc-str"">Tweet location: , Australia</div><div class=""reply-post"">Is your mortgage at a competitive rate or did you just beleive what your bank told you? Ask a broker today. http://t.co/GI0Nc8XQ<span class=""status-id"">Status id: 226218734996566000</span></div><div class=""mr-c-post"">@TOBEINFRONT I think you meant to type believe!<span class=""status-id"">Status id: 226220535619658000</span></div></div>"
-1.2920659,36.8219462,"<h4>@<a target=""_blank"" href=""https://twitter.com/Pritisal"">Pritisal</a></h4>",#E2A9F3,"<div class=""mr-c-wrapper""><div class=""mr-c-loc-str"">Tweet location: Nairobi, Kenya</div><div class=""reply-post"">@BenNjoroge I beleive we are #BB you? enjoy #Villager @lisabagga @sonikanake and the rest of my #DQ Divas LOL<span class=""status-id"">Status id: 226218932279841000</span></div><div class=""mr-c-post"">@Pritisal I think you meant to type believe!<span class=""status-id"">Status id: 226220531001737000</span></div></div>"
12.879721,121.774017,"<h4>@<a target=""_blank"" href=""https://twitter.com/jhing453"">jhing453</a></h4>",#E2A9F3,"<div class=""mr-c-wrapper""><div class=""mr-c-loc-str"">Tweet location: , Philippines</div><div class=""reply-post"">You're the reason i beleive in love. . MYRVESlivechat MyrtleAndYvesOnKPM | MYRVESUniverse<span class=""status-id"">Status id: 226219310694154000</span></div><div class=""mr-c-post"">@jhing453 I think you meant to type believe!<span class=""status-id"">Status id: 226220526497059000</span></div></div>"
-26.2376669,28.36523,"<h4>@<a target=""_blank"" href=""https://twitter.com/Tiicey"">Tiicey</a></h4>",#E2A9F3,"<div class=""mr-c-wrapper""><div class=""mr-c-loc-str"">Tweet location: Brakpan, South Africa</div><div class=""reply-post"">Life is so much simpler when you beleive in something, my faith keeps me going and thats not always easy #LoveGodTweet<span class=""status-id"">Status id: 226219519146877000</span></div><div class=""mr-c-post"">@Tiicey I think you meant to type believe!<span class=""status-id"">Status id: 226220521732329000</span></div></div>"
37.09024,-95.712891,"<h4>@<a target=""_blank"" href=""https://twitter.com/SarahhhLynne"">SarahhhLynne</a></h4>",#E2A9F3,"<div class=""mr-c-wrapper""><div class=""mr-c-loc-str"">Tweet location: Fawn Creek, United States</div><div class=""reply-post"">‚Äú@Vapid_Islas: @SarahhhLynne fine dont beleive me. it was my dream. you'll soon get to dream the dream‚Äù I'll get to dream the dream?<span class=""status-id"">Status id: 226219556778156000</span></div><div class=""mr-c-post"">@SarahhhLynne I think you meant to type believe!<span class=""status-id"">Status id: 226220516816613000</span></div></div>"
36.192782,-115.018521,"<h4>@<a target=""_blank"" href=""https://twitter.com/KiariCook"">KiariCook</a></h4>",#E2A9F3,"<div class=""mr-c-wrapper""><div class=""mr-c-loc-str"">Tweet location: Las Vegas, United States</div><div class=""reply-post"">‚Äú@Jocilyn_Elese: I can't beleive I told Kiari to grab his sister by her neck and throw her :(‚Äù
Stupid ass, lol<span class=""status-id"">Status id: 226219728295821000</span></div><div class=""mr-c-post"">@KiariCook I think you meant to type believe!<span class=""status-id"">Status id: 226220507484266000</span></div></div>"
38.8951118,-77.0363658,"<h4>@<a target=""_blank"" href=""https://twitter.com/SomeCall_ItLuck"">SomeCall_ItLuck</a></h4>",#E2A9F3,"<div class=""mr-c-wrapper""><div class=""mr-c-loc-str"">Tweet location: Washington, United States</div><div class=""reply-post"">I don't beleive it<span class=""status-id"">Status id: 226220028599603000</span></div><div class=""mr-c-post"">@SomeCall_ItLuck I think you meant to type believe!<span class=""status-id"">Status id: 226220498093228000</span></div></div>"
33.718151,73.060547,"<h4>@<a target=""_blank"" href=""https://twitter.com/COMPANYpakistan"">COMPANYpakistan</a></h4>",#E2A9F3,"<div class=""mr-c-wrapper""><div class=""mr-c-loc-str"">Tweet location: Islamabad, Pakistan</div><div class=""reply-post"">@robcrilly you really think agencies are that stupid? ISI is one of the tops in the world. You honestly beleive they wld be hurling threats?<span class=""status-id"">Status id: 225815982462087000</span></div><div class=""mr-c-post"">@COMPANYpakistan I think you meant to type believe!<span class=""status-id"">Status id: 225817335787815000</span></div></div>"
49.261226,-123.1139268,"<h4>@<a target=""_blank"" href=""https://twitter.com/twinfoolz"">twinfoolz</a></h4>",#E2A9F3,"<div class=""mr-c-wrapper""><div class=""mr-c-loc-str"">Tweet location: Vancouver, Canada</div><div class=""reply-post"">@Novavandorwolf i can't beleive they cut down the cat's tree :(<span class=""status-id"">Status id: 225816030331679000</span></div><div class=""mr-c-post"">@twinfoolz I think you meant to type believe!<span class=""status-id"">Status id: 225817330964394000</span></div></div>"
27.7730556,-82.64,"<h4>@<a target=""_blank"" href=""https://twitter.com/trippybasedgod"">trippybasedgod</a></h4>",#E2A9F3,"<div class=""mr-c-wrapper""><div class=""mr-c-loc-str"">Tweet location: St Petersburg, United States</div><div class=""reply-post"">if u beleive in the iluminati i dont take ur opinion srsly on anything<span class=""status-id"">Status id: 225816138536346000</span></div><div class=""mr-c-post"">@trippybasedgod I think you meant to type believe!<span class=""status-id"">Status id: 225817326048649000</span></div></div>"
34.1355582,-116.0541689,"<h4>@<a target=""_blank"" href=""https://twitter.com/jackingram6"">jackingram6</a></h4>",#E2A9F3,"<div class=""mr-c-wrapper""><div class=""mr-c-loc-str"">Tweet location: Twentynine Palms, United States</div><div class=""reply-post"">I can't beleive summer is going by so fast!!<span class=""status-id"">Status id: 225816336671072000</span></div><div class=""mr-c-post"">@jackingram6 I think you meant to type believe!<span class=""status-id"">Status id: 225817311293080000</span></div></div>"
44.864968,-93.322108,"<h4>@<a target=""_blank"" href=""https://twitter.com/_LovinqMeFirst"">_LovinqMeFirst</a></h4>",#E2A9F3,"<div class=""mr-c-wrapper""><div class=""mr-c-loc-str"">Tweet location: Minneapolis, United States</div><div class=""reply-post"">Not to sound ratchet or ghetto. But i really knw hw to shake my ass lol. I can dance for real.And most ppl wont beleive tht but i really can<span class=""status-id"">Status id: 225816410507596000</span></div><div class=""mr-c-post"">@_LovinqMeFirst I think you meant to type believe!<span class=""status-id"">Status id: 225817306431893000</span></div></div>"
40.0583238,-74.4056612,"<h4>@<a target=""_blank"" href=""https://twitter.com/MC_Mull"">MC_Mull</a></h4>",#E2A9F3,"<div class=""mr-c-wrapper""><div class=""mr-c-loc-str"">Tweet location: , United States</div><div class=""reply-post"">Only if you beleive in the mermaids @anthonycroce Mermaids man there more real then U F O ' S<span class=""status-id"">Status id: 225816813479543000</span></div><div class=""mr-c-post"">@MC_Mull I think you meant to type believe!<span class=""status-id"">Status id: 225817282230768000</span></div></div>"
29.68672,-95.0978207,"<h4>@<a target=""_blank"" href=""https://twitter.com/Jack_Barfield"">Jack_Barfield</a></h4>",#E2A9F3,"<div class=""mr-c-wrapper""><div class=""mr-c-loc-str"">Tweet location: Deer Park, United States</div><div class=""reply-post"">@Clay_Langford ayeee im lookin for them beleive me!<span class=""status-id"">Status id: 225816915174621000</span></div><div class=""mr-c-post"">@Jack_Barfield I think you meant to type believe!<span class=""status-id"">Status id: 225817277487018000</span></div></div>"
41.8810644,-87.663045,"<h4>@<a target=""_blank"" href=""https://twitter.com/Nisa_RappedOut"">Nisa_RappedOut</a></h4>",#E2A9F3,"<div class=""mr-c-wrapper""><div class=""mr-c-loc-str"">Tweet location: Chicago, United States</div><div class=""reply-post"">Best Beleive I Dnt Fight Fair So Yeah You Can Try Me.<span class=""status-id"">Status id: 225453289402151000</span></div><div class=""mr-c-post"">@Nisa_RappedOut I think you meant to type believe!<span class=""status-id"">Status id: 225454952871506000</span></div></div>"
39.3176186,-94.479976,"<h4>@<a target=""_blank"" href=""https://twitter.com/YouKnowHeed"">YouKnowHeed</a></h4>",#E2A9F3,"<div class=""mr-c-wrapper""><div class=""mr-c-loc-str"">Tweet location: Clay, United States</div><div class=""reply-post"">Oh yea , I beleive I saw @_XRedDiamonds too , lol !<span class=""status-id"">Status id: 225453584270098000</span></div><div class=""mr-c-post"">@YouKnowHeed I think you meant to type believe!<span class=""status-id"">Status id: 225454938581508000</span></div></div>"
29.4241219,-98.4936282,"<h4>@<a target=""_blank"" href=""https://twitter.com/Sabrina_Malik20"">Sabrina_Malik20</a></h4>",#E2A9F3,"<div class=""mr-c-wrapper""><div class=""mr-c-loc-str"">Tweet location: San Antonio, United States</div><div class=""reply-post"">I can't beleive we ruined #LarryStilinson @Harry_Styles we #Directioners are very SORRY!<span class=""status-id"">Status id: 225454661040226000</span></div><div class=""mr-c-post"">@Sabrina_Malik20 I think you meant to type believe!<span class=""status-id"">Status id: 225454900975374000</span></div></div>"
33.9732275,-78.3858371,"<h4>@<a target=""_blank"" href=""https://twitter.com/Ace_Tate"">Ace_Tate</a></h4>",#E2A9F3,"<div class=""mr-c-wrapper""><div class=""mr-c-loc-str"">Tweet location: Shallotte, United States</div><div class=""reply-post"">@ddashmurray ill beleive it when I see it weirdo<span class=""status-id"">Status id: 225454706007343000</span></div><div class=""mr-c-post"">@Ace_Tate I think you meant to type believe!<span class=""status-id"">Status id: 225454896235811000</span></div></div>"
39.952335,-75.163789,"<h4>@<a target=""_blank"" href=""https://twitter.com/xelAylnOehT"">xelAylnOehT</a></h4>",#E2A9F3,"<div class=""mr-c-wrapper""><div class=""mr-c-loc-str"">Tweet location: Philadelphia, United States</div><div class=""reply-post"">@amandaholic_ best beleive I got more lol<span class=""status-id"">Status id: 225090953139061000</span></div><div class=""mr-c-post"">@xelAylnOehT I think you meant to type believe!<span class=""status-id"">Status id: 225092561730154000</span></div></div>"
18.199085,-73.7535728,"<h4>@<a target=""_blank"" href=""https://twitter.com/inspirati0nx3"">inspirati0nx3</a></h4>",#E2A9F3,"<div class=""mr-c-wrapper""><div class=""mr-c-loc-str"">Tweet location: Les Cayes, Haiti</div><div class=""reply-post"">Ouuiiiiiiiiiiii je suis haitienne -.- why does nobody beleive me? shiiiit lol -__-<span class=""status-id"">Status id: 225091071158395000</span></div><div class=""mr-c-post"">@inspirati0nx3 I think you meant to type believe!<span class=""status-id"">Status id: 225092556998967000</span></div></div>"
41.1268972,-73.7536678,"<h4>@<a target=""_blank"" href=""https://twitter.com/iamthe_Youngin"">iamthe_Youngin</a></h4>",#E2A9F3,"<div class=""mr-c-wrapper""><div class=""mr-c-loc-str"">Tweet location: Thornwood, United States</div><div class=""reply-post"">Tell you he'll never hurt you and u beleive him #YouAStupidBitch<span class=""status-id"">Status id: 225091078238376000</span></div><div class=""mr-c-post"">@iamthe_Youngin I think you meant to type believe!<span class=""status-id"">Status id: 225092550992724000</span></div></div>"
34.5361067,-117.2911565,"<h4>@<a target=""_blank"" href=""https://twitter.com/Normeezyy_2RNVK"">Normeezyy_2RNVK</a></h4>",#E2A9F3,"<div class=""mr-c-wrapper""><div class=""mr-c-loc-str"">Tweet location: Victorville, United States</div><div class=""reply-post"">RT @RD_FRESHH: @Normeezyy_2RNVK -Daaaamn!!! aha they wont beleive uss &gt;.&lt; lol nigguhh were gonna have to start doing more shit, to ...<span class=""status-id"">Status id: 225091369323069000</span></div><div class=""mr-c-post"">@Normeezyy_2RNVK I think you meant to type believe!<span class=""status-id"">Status id: 225092532202258000</span></div></div>"
55.3031462,9.62467,"<h4>@<a target=""_blank"" href=""https://twitter.com/missyb2cold_"">missyb2cold_</a></h4>",#E2A9F3,"<div class=""mr-c-wrapper""><div class=""mr-c-loc-str"">Tweet location: Haderslev, Denmark</div><div class=""reply-post"">RT @MydaishaD: Oomf straight LIED to me. I won't beleive you next time.<span class=""status-id"">Status id: 225091480249840000</span></div><div class=""mr-c-post"">@missyb2cold_ I think you meant to type believe!<span class=""status-id"">Status id: 225092527374614000</span></div></div>"
32.5578289,-93.7866502,"<h4>@<a target=""_blank"" href=""https://twitter.com/NeshiaMonea"">NeshiaMonea</a></h4>",#E2A9F3,"<div class=""mr-c-wrapper""><div class=""mr-c-loc-str"">Tweet location: Shreveport, United States</div><div class=""reply-post"">RT @iamthe_Youngin: Tell you he'll never hurt you and u beleive him #YouAStupidBitch<span class=""status-id"">Status id: 225091708533223000</span></div><div class=""mr-c-post"">@NeshiaMonea I think you meant to type believe!<span class=""status-id"">Status id: 225092517719314000</span></div></div>"
-27.4967208,152.9057996,"<h4>@<a target=""_blank"" href=""https://twitter.com/iPreferSlowJamz"">iPreferSlowJamz</a></h4>",#E2A9F3,"<div class=""mr-c-wrapper""><div class=""mr-c-loc-str"">Tweet location: Brookfield, Australia</div><div class=""reply-post"">Ion never beleive nothin i hear...you gotta show me....<span class=""status-id"">Status id: 225092264026837000</span></div><div class=""mr-c-post"">@iPreferSlowJamz I think you meant to type believe!<span class=""status-id"">Status id: 225092493757252000</span></div></div>"
40.3260459,-79.2102901,"<h4>@<a target=""_blank"" href=""https://twitter.com/G3Raw"">G3Raw</a></h4>",#E2A9F3,"<div class=""mr-c-wrapper""><div class=""mr-c-loc-str"">Tweet location: Fairfield, United States</div><div class=""reply-post"">Scream Murdaaaa!, i dont beleive you!, Murdaaaa!!, fuck around n leave u, murdaaaaa'd, i dont beleive you!, murda murda ya lifes on the line<span class=""status-id"">Status id: 224728910162698000</span></div><div class=""mr-c-post"">@PharaohG3 I think you meant to type believe!<span class=""status-id"">Status id: 224730175445807000</span></div></div>"
42.51954,-70.8967155,"<h4>@<a target=""_blank"" href=""https://twitter.com/CitoBars"">CitoBars</a></h4>",#E2A9F3,"<div class=""mr-c-wrapper""><div class=""mr-c-loc-str"">Tweet location: Salem, United States</div><div class=""reply-post"">@EmilyVROOOM chill... I don't beleive you.. I hope ur kidding<span class=""status-id"">Status id: 224728977200255000</span></div><div class=""mr-c-post"">@CitoBars I think you meant to type believe!<span class=""status-id"">Status id: 224730166037971000</span></div></div>"
37.0298687,-76.3452218,"<h4>@<a target=""_blank"" href=""https://twitter.com/Fire_loving"">Fire_loving</a></h4>",#E2A9F3,"<div class=""mr-c-wrapper""><div class=""mr-c-loc-str"">Tweet location: Hampton, United States</div><div class=""reply-post"">RT @BenHadDatBih: Ion showboat My shit if i get it i get it If i Dont ""Betta Beleive Imma Go Get It""<span class=""status-id"">Status id: 224729358688985000</span></div><div class=""mr-c-post"">@Fire_loving I think you meant to type believe!<span class=""status-id"">Status id: 224730132546453000</span></div></div>"
37.7853855,-122.287809,"<h4>@<a target=""_blank"" href=""https://twitter.com/ValleyJoe707"">ValleyJoe707</a></h4>",#E2A9F3,"<div class=""mr-c-wrapper""><div class=""mr-c-loc-str"">Tweet location: Alameda, United States</div><div class=""reply-post"">Much love n respect to everyone holdin me down in these hardtimes! Best beleive yal will get it back! #GetItHowYaLive<span class=""status-id"">Status id: 224729495247135000</span></div><div class=""mr-c-post"">@ValleyJoe707 I think you meant to type believe!<span class=""status-id"">Status id: 224730118436823000</span></div></div>"
13.193887,-59.543198,"<h4>@<a target=""_blank"" href=""https://twitter.com/_iiAmTheFuture"">_iiAmTheFuture</a></h4>",#E2A9F3,"<div class=""mr-c-wrapper""><div class=""mr-c-loc-str"">Tweet location: , Barbados</div><div class=""reply-post"">Cah beleive<span class=""status-id"">Status id: 224729754656444000</span></div><div class=""mr-c-post"">@I_Am_BenSkin I think you meant to type believe!<span class=""status-id"">Status id: 224730108475351000</span></div></div>"
